,Glucose_F,Galactose_F,Sucrose_F,Maltose_F,Lactose_F,Raffinose_F,Trehalose_F,Glucose,Inulin,Sucrose,Raffinose,Melibiose,Galactose,Lactose,Trehalose,Maltose,Melezitose,Methyl-?-D-glucoside,Soluble Starch,Cellobiose,Salicin,L-Sorbose,L-Rhamnose,D-Xylose,L-Arabinose,D-Arabinose,D-Ribose,Methanol,Ethanol,Glycerol,Erythritol,Ribitol,Galactitol,D-Mannitol,D-Glucitol,myo-Inositol,DL-Lactate,Succinate,Citrate,D-Gluconate,D-Glucosamine,Nitrate,Vitamin-free,2-Keto-D-gluconate,Starch formation,Growth at 19°C,Growth at 25°C,Growth at 30°C,Growth at 37°C
Ascoidea,0,0,0,0,0,0,0,1,0,0.5,0.5,0.5,0.5,0,1,0.5,1,0.5,1,1,1,1,0.5,1,0.5,0,0,1,1,1,0,0.5,NA,0.5,1,0,0,0.5,0.5,0,1,0.5,NA,NA,0,1,1,0,0
Ascoidea,0,0,0,0,0,0,0,1,0,0,0,1,0,0,1,0,1,0,1,1,1,1,1,1,1,0,0,1,1,1,0,1,NA,1,1,1,0,1,0,0,1,0,NA,NA,0,1,1,1,0
Ascoidea,0,0,0,0,0,0,0,1,1,1,1,1,1,1,1,1,1,1,1,1,0,0,1,1,0,1,1,0,1,1,1,1,NA,1,1,1,0,0,0,0,0,0,NA,NA,0,1,1,1,0
Cephaloascus,1,1,0,0,0,0,0,1,0,0,1,1,1,0,1,0,0,0,0,1,1,1,0,1,1,0.5,0,0,1,1,0,1,0,1,1,0,1,1,1,0,0,0,0,0,0,1,1,1,0
Cephaloascus,0,0,0,0,0,0,0,1,0,0,0,0,1,0,0.5,0,0,0,0.5,0,0,0.5,0,1,1,0,0,0,1,1,0,1,0,1,1,0,0.5,1,1,0,0,0,1,0,0,1,1,1,0
Wickerhamia,1,1,1,0,0,1,0,1,0,1,1,0,1,0,0,0,0,0,0,0,0,0,0,0,0,0,0,0,1,1,0,1,0,1,1,0,1,1,1,1,0,0,0,1,0,1,1,1,0
Yamadazyma,1,0,1,1,0,0,1,1,0,1,0,0,1,0,1,1,1,1,1,1,1,1,0,1,1,1,1,0,1,1,1,1,0,1,1,0,0,1,1,1,1,0,0,1,0,1,1,1,0
Yamadazyma,1,1,0,0,0,0,1,1,0,1,1,0.5,1,1,1,1,1,1,0,1,1,0,1,1,1,0.5,1,0,1,1,1,1,0.5,1,1,0,0,1,1,1,1,0,0,1,0,1,1,1,1
Yamadazyma,1,1,0,1,0,0,1,1,0,1,0,0,1,0,1,1,1,1,1,1,1,1,1,1,1,1,1,0,1,1,1,1,0,1,1,0,1,1,1,1,1,0,0,1,0,1,1,1,0
Yamadazyma,1,1,0,0.5,0,0,1,1,0,1,0,0,1,0,1,1,1,1,0,1,0,1,0,1,1,1,1,0,1,1,1,1,0,1,1,0,0,1,1,1,1,0,0,1,0,1,1,1,1
Yamadazyma,1,1,0.5,0.5,0,0,1,1,0,1,1,1,1,0.5,1,1,1,1,0,1,1,0,1,1,1,0.5,1,0,1,1,1,1,0,1,1,0,0,1,1,1,0.5,0,0,1,0,1,1,1,0.5
Yamadazyma,0.5,0,0,0,0,0,0,1,0,1,0,0,1,0,1,1,1,1,0,1,0,0,1,1,1,0,1,0,1,1,1,1,1,1,1,0,0,1,0.5,1,0,0,0,0,0,1,1,1,0
Debaryomyces,0,0,0,0,0,0,0,1,0,0,0,0,1,0,1,1,0,0,1,1,1,0,1,1,1,1,1,0,1,1,1,1,0,1,1,0,0,1,1,1,1,0,0,1,0,1,1,0,0
Debaryomyces,0.5,0,0.5,0,0,0.5,0.5,1,0,1,1,1,1,0.5,1,1,1,1,1,1,1,1,0,1,1,0.5,1,0,1,1,1,1,0.5,1,1,0,0.5,1,1,1,1,0,0,1,0,1,1,1,0
Debaryomyces,0.5,0.5,0.5,0.5,0,0.5,0.5,1,0.5,1,1,0.5,1,0.5,1,1,0.5,1,0.5,1,1,0.5,0.5,1,1,0.5,0.5,0,1,1,0.5,1,0.5,1,1,0,0.5,1,0.5,1,0.5,0,0,1,0,1,1,1,0
Debaryomyces,0.5,0,0,0,0,0,0,1,0.5,1,1,0.5,1,0.5,1,1,1,1,1,1,1,0.5,0,1,1,0,1,0,1,1,1,1,0,1,1,0,0,1,1,1,0.5,0,0,1,0,1,1,0,0
Debaryomyces,0,0,0,0,0,0,0,1,0,0,0,0,1,0,1,0,0,0,0,0,0,0,0,1,1,0,0,0,0,0,0,1,0,0,1,0,0,0,0,0,0,0,0,0,0,1,1,1,0
Debaryomyces,0.5,0,0.5,0,0,0.5,0.5,1,0,1,1,1,1,0.5,1,1,1,1,1,1,1,1,0,1,1,0.5,1,0,1,1,1,1,0.5,1,1,0,0.5,1,1,1,1,0,0,1,0,1,1,1,0.5
Debaryomyces,0,0,0,0,0,0,0,1,0,1,1,0,1,0,1,1,1,1,1,0,0,1,0,1,1,0,1,0,1,1,1,1,0,1,1,0,0,1,1,1,0,0,0,1,0,1,1,1,1
Debaryomyces,1,0,1,1,0,0.5,1,1,0,1,1,0,1,0,1,1,1,1,0,1,1,1,1,1,1,0,0.5,0,1,1,1,1,0,1,1,0,0,1,1,1,0,0,1,1,0,1,1,1,0
Debaryomyces,1,1,0,0,0,0,0,1,0,0,1,0,1,0,0,0,0,0,0,0,0,1,0,0,0,0,1,0,1,1,1,0,0,1,1,0,0,0,0,0,1,0,NA,0,0,1,1,1,0
Debaryomyces,0.5,0,0.5,0,0,0.5,0,1,1,1,1,1,1,1,1,1,1,1,1,1,1,1,0,1,1,1,1,0,1,1,1,1,0,1,1,0,1,1,1,1,1,0,0,1,0,1,1,1,1
Debaryomyces,1,0,0.5,0.5,0,0,0.5,1,0,1,1,1,1,0,1,1,1,1,1,1,1,1,1,1,1,0,1,0,1,1,1,1,0,1,1,0,0,1,1,1,0.5,0,0,1,0,1,1,0,0
Kurtzmaniella,1,0,1,0,0,0,0,1,0,1,0,0,1,0,1,1,1,1,0,0,1,1,0,1,0,0,1,0,1,1,0,1,0,1,1,0,1,1,1,1,1,0,0,1,0,1,1,1,1
Lodderomyces,1,0,0,0,0,0,1,1,0,1,0,0,1,0,1,1,1,1,0,0,0,1,0,1,0,0,0,0,1,1,0,1,0,1,1,0,0,1,1,1,0,0,0,1,0,1,1,1,1
Meyerozyma,1,1,1,0.5,0,1,1,1,1,1,1,0.5,1,0,1,1,1,1,0,1,1,0.5,0.5,1,0.5,1,0.5,0,1,0.5,0,1,1,1,1,0,0,0.5,1,0,0.5,0,0.5,1,0,1,1,1,1
Meyerozyma,1,0.5,1,0,0,1,1,1,1,1,1,1,1,0,1,1,1,1,0,1,1,0.5,0.5,1,1,1,1,0,1,1,0,1,0.5,1,1,0,0.5,1,0.5,0.5,1,0,0,1,0,1,1,1,1
Millerozyma,1,0.5,0,1,0,0,1,1,0,0,0,0,1,0.5,1,1,0,1,0,1,1,0.5,0,1,1,0,1,0,1,1,1,1,0,1,1,0,0,1,1,0.5,0,0,0,0,0,1,1,1,1
Millerozyma,1,0.5,0,0,0,0,0.5,1,0,0,0,0,1,0.5,0.5,0.5,0,0.5,0.5,0.5,0.5,0.5,0,0.5,0.5,0,1,0,1,1,1,1,0,1,1,0,0,0.5,1,1,0,0,0.5,0,0,1,1,1,1
Priceomyces,0,0,0,0,0,0,0,1,0,1,0.5,0.5,1,0,1,1,1,1,1,0.5,1,1,0,1,0.5,0,0.5,0,1,1,0,1,0.5,1,1,0,0.5,1,1,0,0,0,0,1,0,1,1,1,0.5
Priceomyces,0,0,0,0,0,0,0,1,0,0,1,1,1,0,1,1,0,0,0,1,1,1,0,1,1,1,1,0,1,1,1,1,1,1,1,0,0,1,1,1,0,0,0,0,0,1,1,1,1
Priceomyces,0,0,0,0,0,0,0,1,0,0,0,0,1,0,0,0,0,0,0,0,0,0.5,0,1,1,0.5,1,0,1,1,1,1,1,1,1,0,0,0,0,0.5,0,0,0,1,0,1,1,1,0
Priceomyces,0,0,0,0,0,0,0,1,0,0,0,0,1,0,1,1,0,0,0.5,1,0.5,1,0,1,1,1,1,0,1,1,1,1,0.5,1,1,0,0,1,1,1,0.5,0,0,0,0,1,1,1,0
Priceomyces,0,0,0,0,0,0,0,1,1,1,0,0,1,0,0,1,1,1,0.5,0.5,0.5,0.5,0,0,0,0,0,0,1,1,1,1,0,1,1,0,0,0,1,1,0,0,0,0.5,0,1,1,1,0
Scheffersomyces,1,1,0,0,0,0,1,1,0,1,0,0,1,0,1,1,0,1,0,1,1,1,0,1,0,1,1,0,1,1,0,1,0,1,1,0,0,1,1,1,1,0,0,1,0,1,1,1,0
Scheffersomyces,1,0,1,0.5,0,0,0,1,0,1,0,0,0,0,1,1,1,1,0,1,1,1,0,0,0,0,0,0,1,1,0,1,0,1,1,0,0.5,1,1,0.5,0,0,0,1,0,1,1,1,1
Scheffersomyces,1,1,0,1,0,0,1,1,0,1,0,0,1,0.5,1,1,1,1,1,1,1,0.5,1,1,0.5,1,1,0,1,1,1,1,0,1,1,0,1,1,1,0.5,1,0,0,1,0,1,1,1,0.5
Schwanniomyces,1,0,1,1,0,1,0,1,1,1,1,1,1,1,1,1,1,1,1,1,1,1,1,1,1,0,0,0,1,1,0,1,1,1,1,0,0,1,1,1,1,0,0,1,0,1,1,1,0
Schwanniomyces,1,0,0.5,0.5,0,0,0,1,0,1,0,0,1,0,1,1,1,1,0,1,0.5,1,0,1,1,0,0,0,1,1,0,1,0,1,1,0,0.5,1,1,0,1,0,0,1,0,1,1,1,1
Schwanniomyces,1,1,1,0.5,0,0.5,0,1,1,1,1,0.5,1,0.5,1,1,1,0.5,1,1,1,0.5,0,1,0.5,0,0,0,1,1,0,0.5,0,1,0.5,0,0,1,1,1,1,0,0,1,0,1,1,1,0.5
Schwanniomyces,1,1,1,0.5,0,0.5,0,1,1,1,1,0.5,0,0.5,1,1,1,0.5,1,0,0,0.5,0,0,0.5,0,0,0,1,1,0,0.5,0,1,0.5,0,0,1,1,1,1,0,0,1,0,1,1,1,0.5
Schwanniomyces,1,0.5,1,0.5,0,1,0,1,1,1,1,0.5,1,0.5,1,1,1,1,1,1,1,1,0,1,0.5,0.5,0.5,0,1,1,1,1,1,1,1,0,0,1,1,1,0.5,0,1,1,0,1,1,1,0.5
Schwanniomyces,1,0.5,1,0.5,0,1,0,1,1,1,1,0.5,1,0.5,1,1,1,1,1,1,1,1,1,1,0.5,0.5,0.5,0,1,1,1,1,1,1,1,0,0,1,1,1,0.5,0,1,1,0,1,1,1,0.5
Schwanniomyces,1,1,1,0.5,0,0,0,1,0,1,1,1,1,1,1,1,1,1,1,1,1,1,1,1,1,0,1,0,1,1,1,1,1,1,1,0,1,1,1,1,0.5,0,0,1,0,1,1,1,0
Schwanniomyces,0.5,0,0.5,0,0,0,0,1,0.5,1,1,1,1,0,1,1,1,1,1,0.5,1,1,0.5,1,0.5,0,0.5,0,1,1,1,1,1,1,1,0,0.5,1,1,1,0.5,0,1,1,0,1,1,1,1
Schwanniomyces,0.5,0,0.5,0,0,0,0,1,0.5,1,1,0,1,0,0.5,1,1,1,0.5,0.5,0.5,1,0.5,1,0.5,0,0.5,0,1,1,0.5,1,1,1,1,0,0.5,1,0.5,1,0.5,0,1,1,0,1,1,1,0
Schwanniomyces,1,1,0,0,0,0,0,1,0,1,0,0,1,1,1,1,1,1,0.5,1,1,1,1,1,1,0,0,0,1,1,0,1,1,1,1,0,0,1,1,1,1,0,0,1,0,1,1,1,0
Spathaspora,1,1,0,1,0,0,1,1,0,1,0,0,1,0,1,1,1,1,1,1,1,0,0,1,0,1,1,0,1,1,1,1,0,1,1,0,1,1,1,1,1,0,0,1,0,1,1,1,1
Dipodascus,0,0,0,0,0,0,0,1,0,0,0,0,1,0,0,0,0,0,0,0,0,1,0,1,0,0,0.5,0,1,1,0,0.5,0,1,1,0,0.5,1,1,0,0,0,0,0,0,1,1,1,0
Dipodascus,0,0,0,0,0,0,0,1,0,0,0,0,1,0,0,0,0,0,0,0,0,1,0,1,0,0,0,0,1,1,0,0,0,1,1,0,1,1,0,0,0,0,0,0,0,1,1,0,0
Dipodascus,0,0,0,0,0,0,0,1,0,0,0,0,1,0,0,0,0,0,0,0,0,0,0,1,0,0,0.5,0,0.5,1,0,0,0,1,0.5,0,0.5,1,0.5,0,0,0,1,0,0,1,1,0,0
Dipodascus,0,0,0,0,0,0,0,1,0,0,0,0,1,0,0,0,0,0,0.5,0,0,1,0,1,0,0,0,0,1,1,0,0.5,0,1,1,0,1,1,0,0,0,0,0,0,0,1,1,1,1
Dipodascus,0.5,0,0,0,0,0,0,1,0,0,0,0,1,0,0,1,0,0,1,0,0,1,0,1,0,0,0,0,1,1,0,0,0,1,1,0,1,1,1,0,0,0,0,0,0,1,1,1,0
Dipodascus,0,0,0,0,0,0,0,1,0,0,0,0,1,0,0,0,0,0,0,1,0,1,0,1,0,0,0,0,1,1,0,0.5,0,1,1,0,1,1,1,0,0,NA,1,0,0,1,1,0,0
Galactomyces,0.5,0.5,0,0,0,0,0,1,0,0,0,0,1,0,0,0,0,0,0,0,0,1,0,1,0,0,0,0,1,1,0,0.5,0,1,1,0,1,1,0.5,0,0,0,1,NA,0,1,1,1,0.5
Galactomyces,0.5,0.5,0,0,0,0,0,1,0,0,0,0,1,0,0,0,0,0,0,0,0,1,0,1,0.5,0,0,0,1,1,0,1,0,1,1,0,1,1,1,0,0,0,0,NA,0,1,1,1,0
Galactomyces,0.5,0,0,0,0,0,0,1,0,0,0,0,1,0,0,0,0,0,0,0,0,1,0,1,0,0,0,0,1,1,0,0,0,1,1,0,0.5,1,0.5,0,0,0,0,NA,0,1,1,1,0
Galactomyces,0,0,0,0,0,0,0,1,0,0,0,0,1,0,0,0,0,0,0,0,0,1,0,1,0,0,0,0,1,1,0,0,0,0,1,0,1,1,0.5,0,0,0,1,NA,0,1,1,1,0
Galactomyces,0,0,0,0,0,0,0,1,0,0,0,0,1,0,0,0,0,0,0,0,0,1,0,1,0,0,0,0,1,1,0,0,0,0,1,0,1,1,0.5,0,0,0,0,NA,0,1,1,1,0
Geotrichum,1,0,0,0,0,0,0,1,0,0,0,0,0,0,0,0,0,0,0,0,0,1,0,1,0,0,0,0,1,1,0,0,0,0.5,1,0,1,1,1,0,0,0,0,0.5,NA,1,1,1,0
Geotrichum,0,0,0,0,0,0,0,1,0,0,0,0,1,0,0,0,0,0,0.5,1,1,0,0,0.5,0,0,0,0,1,1,0,1,0,1,1,0,1,1,0.5,0.5,0,0,1,0.5,NA,1,1,1,1
Geotrichum,0,0,0,0,0,0,0,1,0,0,0,0,1,0,0,0,0,0,0,0,0,1,0,1,0,0,0,0,1,1,0,0,0,0,1,0,1,1,1,0,0,0,1,0,NA,1,1,1,0
Geotrichum,1,1,0,0,0,0,NA,1,0,0,0,0,1,0,0,0,0,0,0,1,0.5,1,0,1,0.5,0.5,1,0,1,1,0,0.5,0,1,1,0,1,1,1,0,0,0,1,0,NA,1,1,1,0.5
Geotrichum,1,0,0,0,0,0,0,1,0,0,0,0,1,0,0,0,0,0,0,0,0,1,0,1,0,0,0,0,1,1,0,0.5,0,1,1,0,1,1,1,0.5,0,0,0,0.5,NA,1,1,1,0
Geotrichum,0.5,0.5,0,0,0,0,NA,1,0,0,0,0,1,0,0,0,0,0,0,0,0,1,0,1,0,0,0,0,1,1,0,0.5,0,1,1,0,1,1,0.5,0,0,0,1,0,NA,1,1,0.5,0
Geotrichum,0,0,0,0,0,0,0,1,0,0,0,0,1,0,0,0,0,0,0,0,0,1,0,1,0,0,0,0,1,1,0,0,0,1,1,0,0,NA,NA,0,0,0,0,NA,0,1,1,0,0
Dipodascopsis,0,0,0,0,0,0,0,1,0,0,0,0,0.5,1,0,0.5,0,0,0,1,0.5,0.5,0,1,0,0,0,0,0,0.5,0,0.5,0,0,0,0,0,0,0,0,0,0,0,0,1,1,1,0,0
Dipodascopsis,0,0,0,0,0,0,0,1,1,1,1,0,1,1,1,1,1,1,1,1,1,1,0,1,1,1,0,0,1,1,0,1,0,1,1,1,0,1,0,0.5,0,0,0,NA,1,1,1,NA,0
Dipodascopsis,0,0,0,0,0,0,0,1,1,1,1,1,0.5,0,1,1,1,1,1,0,0,1,0,1,1,1,0,0,1,1,0,1,0,1,1,1,0,0,0,0.5,0,0,0,NA,1,1,1,1,1
Dipodascopsis,0,0,0,0,0,0,0,1,0,0,0,1,0.5,0,1,1,1,1,1,0,0,1,1,1,1,1,0,0,1,1,0,1,0,1,1,1,0,0,0,0.5,0,0,0,NA,1,1,1,1,1
Lipomyces,0,0,0,0,0,0,0,1,0,0,0,0,1,0,1,0,0,0,0,1,1,1,0,1,1,0,0,0,0,1,0,0,0,0,0,0,0,1,0,0,0,0,0,NA,NA,1,1,1,NA
Lipomyces,0,0,0,0,0,0,0,1,1,1,1,1,1,1,1,1,1,1,1,1,0.5,1,0,1,1,0,0,0,0.5,0,1,0,1,1,1,0,0,0.5,0.5,0,0,0,0.5,NA,NA,1,1,1,NA
Lipomyces,0,0,0,0,0,0,0,1,0,1,0,0,1,1,0,0,0,0,0,1,1,1,0,1,1,0,0,0,1,1,0,1,0,1,1,0,0,0,1,0,0,0,0,NA,NA,1,1,1,NA
Lipomyces,0,0,0,0,0,0,0,1,1,1,1,1,1,0,0.5,1,1,1,1,1,1,1,0,0.5,0.5,0,0,0,1,0,0.5,0,1,1,0.5,0,0,0.5,0,0,0,0,1,NA,NA,1,1,1,NA
Lipomyces,0,0,0,0,0,0,0,1,1,1,1,1,1,0,1,1,1,1,1,0.5,0.5,1,0,0.5,0,0.5,0,0,1,0.5,0,0,0.5,1,1,0,0,0.5,0.5,1,0,0,1,NA,NA,1,1,1,0
Lipomyces,0,0,0,0,0,0,0,1,1,1,1,1,1,0.5,1,1,1,1,1,1,0.5,1,0,0.5,0.5,0.5,0,0,1,0.5,1,0.5,0.5,1,1,0,0,1,1,1,0,0,1,NA,NA,1,1,1,NA
Lipomyces,0,0,0,0,0,0,0,1,0.5,0.5,0.5,1,0.5,0.5,0.5,0.5,0.5,0.5,0.5,0.5,0.5,0.5,0,0.5,0.5,0,0,0,0.5,0.5,0,0.5,0.5,0.5,0.5,0,0,1,1,0.5,0,0,0.5,NA,NA,1,1,0.5,NA
Lipomyces,0,0,0,0,0,0,0,1,0,0,0,0,1,0,0,0,0,0,0,0,0,0.5,0,0.5,0,0,0,0,1,1,0,0,1,0,1,0.5,0,1,0,1,0,0,0,NA,NA,1,1,1,NA
Lipomyces,0,0,0,0,0,0,0,1,1,1,1,1,1,0.5,1,1,1,1,1,1,1,1,0.5,1,0.5,1,0,0,1,0,1,1,1,1,1,0,0,1,1,1,0,0,1,NA,NA,1,1,1,NA
Lipomyces,0,0,0,0,0,0,0,1,0,1,0,0,0,0,0,0,0,0,0,0,1,0,0,1,0,0,0,0,1,1,0,0,0,0,0,0,0,1,0,0,0,0,0,NA,NA,1,1,1,NA
Lipomyces,0,0,0,0,0,0,0,1,1,1,1,1,1,0,0.5,1,1,1,1,0.5,0.5,1,0,0,0,0.5,0,0,1,1,0,0,0,1,1,0,0,0,0.5,0.5,0,0,1,NA,NA,1,1,1,1
Lipomyces,0,0,0,0,0,0,0,1,1,1,1,1,1,0.5,1,1,1,1,0.5,1,0.5,1,0.5,1,0.5,0.5,0.5,0,1,0.5,0.5,0.5,0.5,1,1,0.5,0,1,1,0.5,0,0,0.5,NA,0.5,1,1,1,NA
Lipomyces,0,0,0,0,0,0,0,1,0,0,0,0,1,1,0,0,0,0,0,1,1,1,0,1,1,1,0,0,1,1,0,1,0,1,1,0,0,1,1,1,0,0,0,NA,NA,1,1,1,NA
Lipomyces,0,0,0,0,0,0,0,1,1,1,1,0.5,1,0.5,1,1,1,1,1,0.5,0.5,1,0.5,1,1,1,0.5,0,1,0.5,1,1,1,1,1,0.5,0,0.5,1,1,0,0,1,NA,NA,1,1,1,0
Lipomyces,0,0,0,0,0,0,0,1,1,1,1,1,1,0,1,1,1,1,1,1,1,1,0,0,0,0,0,0,1,0,0,0,0,1,1,0,0,0,1,1,0,0,1,NA,NA,1,1,NA,0
Lipomyces,0,0,0,0,0,0,0,1,1,1,1,1,1,0,1,1,1,1,1,1,1,1,0,0,0,0,0,0,1,0,0,0,1,1,1,0,0,0,0.5,1,0,0,1,NA,NA,1,1,1,NA
Myxozyma,0,0,0,0,0,0,0,1,0,1,0,0,1,0.5,0,0,0,0,0,0,0,1,0,1,1,1,1,0,1,1,0,1,1,1,1,1,1,1,0,1,0,0,0,1,1,1,1,1,0
Myxozyma,0,0,0,0,0,0,0,1,0.5,1,1,1,1,1,1,0,0,1,0,1,1,1,1,1,1,1,1,0,1,1,0,1,0,1,1,0.5,0,1,0.5,1,0,0,0,1,1,1,1,1,0
Myxozyma,0,0,0,0,0,0,0,1,0,0,0,0,1,1,1,0,0,0,0,1,0,1,1,1,1,1,1,0,1,1,0,1,0,0,1,0,0,1,1,0,0,0,0,1,1,1,1,1,0
Myxozyma,0,0,0,0,0,0,0,1,0,0,0,1,1,0.5,0,0,0,0,0,1,1,0.5,0,1,1,1,1,0,1,1,0,1,0,0.5,1,1,0,1,0,1,0,0,0,1,1,1,1,1,0
Myxozyma,0,0,0,0,0,0,0,1,0,1,0.5,1,1,1,1,1,1,1,0,0,1,1,1,1,1,1,1,0,1,1,1,1,0,1,1,1,1,1,0,0.5,0,0,0,1,1,1,1,1,0
Myxozyma,0,0,0,0,0,0,0,1,0,1,0,0,1,0,0.5,1,1,1,0,1,1,1,1,1,1,0.5,0.5,0,1,1,0,1,0,1,1,0,0.5,1,1,1,0,0,0,1,1,1,1,1,1
Myxozyma,0,0,0,0,0,0,0,1,0,0,0,0,1,0,0,0,0,0,0,1,1,1,0,1,1,1,0,0,1,1,0,1,0,0,0,0,0,1,1,0,0,0,0,1,1,1,1,1,0
Myxozyma,0,0,0,0,0,0,0,1,0,1,0,1,1,1,1,1,1,1,0,1,1,1,1,1,1,1,1,0,1,1,0,1,0,0,0,1,1,1,1,1,1,0,0,1,1,1,1,1,0
Myxozyma,0,0,0,0,0,0,0,1,0,0,0,0,1,0,1,0,0,0,0,1,1,1,1,1,1,1,1,0,0,1,1,1,0,1,1,1,0,1,0,0,0,0,0,0,1,1,1,1,0
Myxozyma,0,0,0,0,0,0,0,1,0,0,0,0,1,0,0,0,0,0,0,0,0,1,0,1,1,1,1,0,1,1,1,1,0,1,1,1,0,1,0,0,0,0,0,0,1,1,1,1,1
Myxozyma,0,0,0,0,0,0,0,1,0,1,0,0,1,1,1,1,1,1,0,1,1,1,0,1,1,0,0,0,1,1,0,1,0,1,1,1,1,1,1,1,0,0,0,1,1,1,1,1,1
Myxozyma,0,0,0,0,0,0,0,1,0,1,0,0,1,0.5,1,1,1,1,0,1,1,1,0,1,1,1,0.5,0,1,1,0,1,0,0,1,0,1,0.5,0,1,0,0,0,1,1,1,1,1,0
Aciculoconidium,1,0,0.5,0,0,0,1,1,0,1,0,0,0,0,1,1,1,1,1,1,0.5,0,0,0,0,0,0,0,1,1,0,1,0,1,1,0,0,1,1,0,0.5,0,0,0,0,1,1,1,0
Clavispora,1,0.5,0.5,0.5,0,0,0.5,1,0,0.5,0,0,0.5,0,1,0.5,0.5,0.5,0,1,0.5,1,1,1,0,0.5,0.5,0,1,1,0,0.5,0,1,0.5,0,0.5,1,0.5,0.5,0.5,0,0,1,0,1,1,1,1
Clavispora,1,1,1,1,0,0,1,1,0,1,0,0,1,0,1,1,1,1,0,1,1,1,0,1,0,0,0,0,1,1,0,1,0,1,1,0,1,1,1,0.5,0.5,0,0,1,0,1,1,1,1
Hyphopichia,1,0.5,1,1,0,1,1,1,0,1,1,0,1,0,1,1,0.5,1,1,1,1,0.5,0,1,0.5,0,1,0,1,1,1,1,0,1,1,0,0,1,1,0.5,1,0,1,1,0,1,1,1,0.5
Hyphopichia,1,1,1,0.5,0,0,1,1,0,1,1,0,1,0,1,1,1,1,0,1,1,0,1,1,1,0,1,0,1,1,1,1,1,1,1,0,0,1,1,0.5,1,0,1,1,0,1,1,1,0
Kodamaea,1,NA,NA,NA,NA,NA,NA,1,0.5,1,1,0,1,0,1,1,0,1,0,1,1,1,0,1,0,0,0,0,1,1,0,1,0,1,1,0,0,0,1,0,0,0,0,1,0,1,1,1,1
Kodamaea,1,NA,NA,NA,NA,NA,NA,1,0.5,1,1,0,0.5,0,1,1,1,1,0,1,1,1,0,0,0,0,0,0,1,1,0,1,0,1,1,0,0,1,0.5,0,1,0,0,1,0,1,1,1,0.5
Kodamaea,1,0,0,1,0,0,1,1,0,1,0,0,0,0,1,1,1,1,1,1,1,1,0,1,0,1,0,0,1,1,0,1,0,1,1,0,1,1,1,1,NA,0,0,1,0,1,1,1,NA
Kodamaea,1,NA,NA,NA,NA,NA,NA,1,0,1,1,0,1,0,0,1,1,1,0,1,1,1,0,0,0,1,0,0,1,1,0,1,0,1,1,0,0,1,1,0,1,0,0,1,0,1,1,1,1
Kodamaea,1,1,1,0.5,0,1,0.5,1,0.5,1,1,0,1,0,1,1,0.5,1,0,1,0.5,1,0,0.5,0,0,0.5,0,1,1,0,0.5,0,1,0.5,0,0,0.5,1,0,1,0,0,1,0,1,1,1,1
Metschnikowia,1,0,0,0,0,0,0.5,1,0,1,0,0,1,0,1,1,1,0,0,1,1,1,0,1,0,0,0,0,1,1,0,1,0,1,1,0,0,1,0,1,1,0,0,1,0,1,1,1,0
Metschnikowia,1,0,0,0,0,0,1,1,0,1,0,0,1,0,1,1,1,0,0,1,1,1,0,1,0,0,0,0,1,0,0,1,0,1,1,0,0,1,1,0,0,0,0,1,0,1,1,1,1
Metschnikowia,1,0,0,0,0,0,0,1,0,1,0,0,1,NA,1,1,1,1,0,1,1,1,0,1,0,0,0,0,1,1,0,1,0,1,1,0,0,1,0,1,1,0,0,1,0,1,1,1,0
Metschnikowia,1,0,0,0,0,0,0,1,0,0.5,0,0,0.5,0,0.5,1,1,0,0,1,1,0.5,0,0,0,0,0,0,0.5,0,0,0,0,0,0.5,0,0,0,0,0,0,0,0,0,0,1,1,1,0
Metschnikowia,0,0,0,0,0,0,0,1,0,1,0,0,1,0,1,1,0.5,0,0,1,1,0.5,0,0.5,0,0,0,0,1,1,0,1,0,1,1,0,0,0.5,0,0,0,0,0,0,0,1,1,0,0
Metschnikowia,1,0,0,0,0,0,0,1,0,1,0,0,1,0,1,1,0.5,0,0,1,0.5,1,0,0.5,0,0,0,0,0.5,0.5,0,0,0,1,1,0,0,0.5,0,1,0.5,0,0,1,0,1,1,0.5,0
Metschnikowia,1,0,0,0,0,0,0,1,0,1,0,0,1,0,1,1,0.5,1,0,1,0.5,1,0,0.5,0,0,0,0,0.5,0.5,0,0,0,1,1,0,0,0.5,0,1,0.5,0,0,1,0,1,1,0.5,0
Metschnikowia,1,0,0,0,0,0,0,1,0,1,0,0,1,0,1,1,0.5,1,0,1,0.5,1,0,0.5,0,0,0,0,0.5,0.5,0,0,0,1,1,0,0,0.5,0,0,0.5,0,0,0,0,1,1,1,0
Metschnikowia,1,0,0,0,0,0,1,1,0,1,0,0,1,0,1,1,1,1,0,1,1,1,0,1,0,0,0,0,1,1,0,0,0,1,1,0,0,0.5,1,0.5,0,0,0,0.5,0,1,1,1,NA
Metschnikowia,1,0,0,0,0,0,0,1,0,1,0,0,1,0,1,1,1,0,0,1,1,1,0,1,0,0,0,0,1,1,0,0,0,1,1,0,0,1,1,0,0,0,0,1,0,1,1,1,0
Metschnikowia,1,0.5,0,0,0,0,0,1,0,1,0,0,1,0,1,1,1,1,0,0,0,0,0,0,0,0,1,0,0,1,0,1,0,1,1,0,0,0,0,1,0,0,0,0,0,1,1,1,0
Metschnikowia,1,0,0,0,0,0,1,1,0,1,0,0,1,0,1,1,1,0,0,1,1,1,0,1,0,0,0,0,0,1,0,1,0,1,1,0,0,1,1,1,0,0,0,1,0,1,1,1,0
Metschnikowia,1,0,0,0,0,0,1,1,0,1,0,0,1,0,1,1,1,1,0,1,1,1,0,1,0,0,0,0,1,1,0,0,0,1,1,0,0,1,1,0.5,0,0,0,0.5,0,1,1,1,0
Metschnikowia,1,0,0,0,0,0,0,1,0,1,1,0,1,1,1,1,1,1,0,1,1,1,0,1,1,1,1,0,1,1,0,1,0,1,1,0,1,1,1,1,1,0,0,1,0,1,1,0,0
Metschnikowia,1,0,0,0,0,0,1,1,0,1,0,0,1,0,1,1,1,0,0,1,1,1,0,1,0,0,0,0,1,0,0,1,0,1,1,0,0,0.5,1,0,1,0,0,1,0,1,1,1,0
Metschnikowia,1,0,0,0,0,0,1,1,0,0,0,0,1,0,1,0,0,0,0,1,1,1,0,1,0,0,0,0,1,1,0,1,0,1,1,0,1,1,1,1,0,0,0,0,0,1,1,1,1
Metschnikowia,1,1,0,0,0,0,0,1,0,1,0,0,1,0,1,1,1,1,0,1,1,1,0,1,0,0,0,0,1,1,0,1,0,1,1,0,1,1,1,1,1,0,0,1,0,1,1,1,0
Metschnikowia,1,0,0,0,0,0,0,1,0,1,0,0,0.5,0,0,1,1,0,0,1,1,1,0,0.5,0,0,0.5,0,1,1,0,0,0,0.5,0.5,0,0,1,0,0.5,0.5,0,0,1,0,1,1,1,0
Metschnikowia,1,0,0,0,0,0,0.5,1,0,1,0,0,1,0,1,1,1,0,0,1,1,1,0,1,0,0,1,0,1,1,0,1,0,1,1,0,0,1,1,1,1,0,0,1,0,1,1,0,0
Metschnikowia,1,0,0,0,0,0,1,1,0,1,0,0,1,0,1,1,1,0,0,1,1,1,0,1,0,0,0,0,1,1,0,1,0,1,1,0,0,1,1,1,0,0,0,1,0,1,1,1,0
Metschnikowia,1,0,0,0,0,0,1,1,0,1,0,0,1,0,1,1,1,0,0,1,1,1,0,1,0,0,1,0,0,1,0,1,0,1,1,0,0,1,1,1,0.5,0,0,1,0,1,1,1,0
Metschnikowia,1,0,0,0,0,0,0.5,1,0,1,0,0,1,0,1,1,1,1,0,1,1,1,0,1,0,0,0,0,1,1,0,1,0,1,1,0,0,1,1,1,1,0,0,1,0,1,1,0,0
Metschnikowia,1,0,0,0,0,0,0,1,0,1,0,0,0.5,0,1,1,1,1,0,1,1,1,0,1,0,0,0,0,1,1,0,1,0,1,1,0,0,1,0,1,1,0,0,1,0,1,1,1,0
Metschnikowia,0,0,0,0,0,0,0,1,0,1,0,0,0,0,1,1,1,1,0,1,1,0,0,0,0,0,0,0,1,1,0,0,0,1,0,0,0,1,0,0,0,0,0,0,0,1,1,1,0
Metschnikowia,1,0,0,0,0,0,0,1,0,1,0,0,1,0,1,1,1,1,0,1,1,1,0,1,0,0,0,0,1,1,0,1,0,1,1,0,1,1,0.5,1,1,0,0,1,0,1,1,1,0
Metschnikowia,1,0,0,0,0,0,0,1,0,1,0,0,0.5,0,0,1,1,0,0,1,1,0.5,0,1,0,0,0,0,0,1,0,1,0,0,0,0,0,0,0,1,0,0,0,1,0,1,1,1,0
Metschnikowia,1,0,0,0,0,0,1,1,0,1,0,0,1,0,1,1,1,0.5,0,1,1,1,0,1,0,0,0,0,0.5,0.5,0,0.5,0,1,1,0,0,1,1,0,0,0,0,1,0,1,1,1,0
Metschnikowia,1,0,0,0,0,0,0,1,0,1,0,0,1,0,1,1,1,0.5,0,1,1,0.5,0,1,0,0,0,0,0.5,1,0,0.5,0,1,1,0,0,1,1,1,0.5,0,0,1,0,1,1,1,1
Metschnikowia,1,0,0,0,0,0,1,1,0,1,0,0,1,0,1,1,1,0,0,1,1,1,0,1,0,0,1,0,1,1,0,1,0,1,1,0,0,1,1,1,1,0,0,1,0,1,1,0,0
Metschnikowia,1,0,0,0,0,0,0,1,0,1,0,0,1,0,1,1,1,1,0,1,1,1,0,0,0,0,0,0,0,1,0,1,0,1,1,0,1,1,1,1,0,0,0,1,0,1,1,1,0
Metschnikowia,1,0,0,0,0,0,1,1,0,1,0,0,1,0,1,1,1,0,0,1,1,1,0,1,0,0,0.5,0,1,1,0,1,0,1,1,0,0,1,0.5,1,1,0,0,1,0,1,1,1,0
Metschnikowia,1,0.5,0,0,0,0,0,1,0,1,0,0,1,0,1,1,1,1,0,1,1,0.5,0,0.5,0,0,0.5,0,1,1,0,0.5,0,1,1,0,0.5,1,1,1,0.5,0,0,1,0,1,1,0.5,0
Metschnikowia,1,0.5,0,0,0,0,0,1,0,1,0,0,0.5,0,0.5,1,1,0.5,0,1,1,1,0,0.5,0,0.5,0.5,0,0.5,1,0,0.5,0,1,1,0,0,1,0.5,1,0.5,0,0,1,0,1,1,1,0.5
Metschnikowia,1,0,0,0,0,0,1,1,0,1,0,0,1,0,1,1,1,1,0,1,1,1,0,1,0,0,0,0,1,1,0,1,0,1,1,0,0,1,1,1,1,0,0,1,0,1,1,NA,0
Metschnikowia,1,1,0,0,0,0,NA,1,0,1,0,0,1,0,1,1,1,1,0,1,1,1,0,1,0,0,0,0,1,1,0,1,0,1,NA,0,0,1,0,NA,0,0,0,NA,0,1,1,NA,0
Metschnikowia,1,0,0,0,0,0,1,1,0,1,0,0,1,0,1,1,1,1,0,1,0.5,1,0,1,0,0,0,0,1,0,0,1,0,1,1,0,0,0.5,0,0,1,0,0,1,0,1,1,1,0
Metschnikowia,1,1,0,0,0,0,NA,1,0,1,0,0,1,0,1,1,1,1,0,1,1,1,0,1,0,0,0,0,1,1,0,1,0,1,NA,0,0,1,0,NA,0,0,0,NA,0,1,1,1,0
Metschnikowia,1,NA,NA,NA,NA,NA,NA,1,0,1,0,0,0,0,0,1,1,0,0,0.5,0,0.5,0,0.5,0,0,0,0,0.5,0.5,0,0,0,0.5,0,0,0,0,0,0.5,0,0,0,0.5,0,1,1,1,0
Metschnikowia,1,0,0,0,0,0,0,1,0,1,0,0,1,0,1,1,1,1,0,1,1,1,0,1,0,0,0,0,1,1,0,1,0,1,1,0,0,1,1,1,1,0,0,1,0,1,1,1,0
Metschnikowia,1,0,0,0,0,0,NA,1,0,1,0,0,1,0,1,1,1,1,0,1,1,1,0,1,0,0,0,0,1,1,0,1,0,1,NA,0,0,1,0,NA,0,0,0,NA,0,1,1,1,0
Metschnikowia,1,1,0,0,0,0,0,1,0,1,0,0,1,0,1,1,1,1,0,1,1,1,0,1,0,0,1,0,0.5,1,0,1,0,1,1,0,0,1,0,0,1,0,0,0,0,1,1,1,0
Komagataella,1,0,0,0,0,0,0,1,0,0,0,0,0,0,1,0,0,0,0,0,0,0,1,0.5,0,0,0,1,1,1,0,0,0,1,1,0,1,1,0.5,0,0,0,0,0,0,1,1,1,1
Komagataella,1,0,0,0,0,0,0,1,0,0,0,0,0,0,1,0,0,0,0,0,0,0,1,0,0,0,0,1,1,1,0,0,0,1,1,0,1,1,0.5,0,0,0,0,0,0,1,1,1,1
Komagataella,1,0,0,0,0,0,0,1,0,0,0,0,0,0,1,0,0,0,0,0,0,0,1,1,0,0.5,0,1,1,1,0,0,0,1,1,0,1,1,0,0,0,0,1,0,0,1,1,1,NA
Phaffomyces,0,0,0,0,0,0,0,1,0,0,0,0,0,0,0,0,0,0,0,0,0.5,0,1,0,0,0,0,0,1,1,0,0,0,0.5,0,0,1,1,1,0,0,0,0,0,0,1,1,1,0.5
Phaffomyces,0,0,0,0,0,0,0,1,0,0,0,0,0,0,0,0,0,0,0,0.5,1,0,1,0,0,0,0,0,1,1,0,0,0,1,0,0,1,1,1,0,0,0,0,0,0,1,1,1,0
Phaffomyces,0,0,0,0,0,0,0,1,0,0,0,0,0,0,0,0,0,0,0,1,1,0,0.5,0,0,0,0,0,1,1,0,0,0,1,0.5,0,1,1,0,0,0,0,0,0,0,1,1,1,1
Brettanomyces,1,0,0,0,0,0,0.5,1,0,0,0,0,0,0,1,0,0,0,0,0,0,0,0,0,0,0,1,0,1,1,0,0,0,0,0,0,1,1,0,0,0,0,0,0,0,1,1,1,1
Brettanomyces,1,0.5,0,0,0,0,0.5,1,0,0,0,0,0.5,0,1,0.5,0,0,0.5,1,0.5,0,0.5,1,0,0.5,0,0,1,0,0,0.5,0,0.5,1,0,0.5,1,0,0,0.5,0,0,0.5,0,1,1,0.5,0
Brettanomyces,1,1,0,0,0,0,0,1,0,0,0,0,1,0.5,0.5,0,0,0,0,1,1,0,1,0.5,0,0,0,0,1,0,0,1,0,1,1,0,0,0,0,0,0,0,0,0,0,1,1,1,0
Dekkera,1,1,1,0.5,0.5,0.5,0.5,1,0,1,0.5,0,1,0.5,1,0.5,0.5,0.5,0,1,1,0,0,0,0,0,0,0,0.5,1,0,0,0,0,0,0,0.5,0.5,0,0,1,0.5,0,0,0,1,1,1,1
Dekkera,1,0.5,0.5,0.5,0,0,0.5,1,0,0.5,0.5,0,0.5,0,0.5,0.5,0.5,0.5,0,0.5,0.5,0,0,0,0,0,0.5,0,0.5,0.5,0,0,0,0,0,0,0.5,0,0,0,0.5,0.5,0,0,0,1,1,1,1
Kregervanrija,0.5,0,0,0,0,0,0,1,0,0,0,0,0,0,0,0,0,0,0,0,0,0,0,0,0,0,0,0,1,0,0,1,0,1,1,0,0,1,0,0,0,0,0,0,0,1,1,1,0
Kregervanrija,0,0,0,0,0,0,0,1,0,0,0,0,0,0,0,0,0,0,0,0,0,0,0,0,0,0,0,0,1,0.5,0,0.5,0,1,1,0,0.5,1,0,0,0,0,0,0,0,1,1,NA,0
Kregervanrija,0,0,0,0,0,0,0,1,0,0,0,0,0,0,0,0,0,0,0,0,0,0,0,0,0,0,0,0,1,0,0,1,0,1,1,0,0,0,0,0,0,0,0,0,0,1,1,NA,0
Pichia,1,0,0,0,0,0,0,1,0,0,0,0,0,0,0,0,0,0,0,0,0,0,0,0.5,0,0,0,0,1,1,0,0,0,0,0,0,1,1,0,0,1,0,0,0,0,1,1,1,1
Pichia,0.5,0,0,0,0,0,0,1,0,0,0,0,0,0,0,0,0,0,0,0,0,0,0,1,0,0,0,0,1,1,0,0,0,0,0,0,1,1,0.5,0,1,0,0,0,0,1,1,1,1
Pichia,1,0,0,0,0,0,NA,1,NA,0,0,NA,0,0,0,0,0,NA,NA,0,0,0,0,0,0,1,NA,NA,NA,1,0,1,1,0,0,NA,0,1,1,NA,NA,0,1,NA,NA,1,1,1,1
Pichia,1,0,0,0,0,0,0,1,0,0,0,0,0,0,0,0,0,0,0,0,0,0,0,0.5,0,0,0,0,1,1,0,0,0,0,0,0,1,1,1,0,1,0,0,0,0,1,1,1,0.5
Pichia,0,0,0,0,0,0,0,1,0,0,0,0,0,0,0,0,0,0,0,0,0,0,0,0,0,0,0,0,1,1,0,0,0,0,0,0,1,1,0,0,0,0,0,0,0,1,1,1,1
Pichia,0.5,0,0,0,0,0,0,1,0,0,0,0,0,0,0,0,0,0,0,0,0,0,0,0.5,0,0,0,0,1,1,0,0,0,0,0,0,1,1,1,0,1,0,0,0,0,1,1,1,0.5
Pichia,1,0,0,0,0,0,0,1,0,0,0,0,0,0,0,0,0,0,0,0,0,0,0,0,0,0,0,0,1,0,0,0,0,0,0,0,1,1,0,0,0,0,1,0,0,1,1,1,0
Pichia,1,0,0,0,0,0,0,1,0,0,0,0,0,0,0,0,0,0,0,0,0,0,0,1,0,0,0,0,1,1,0,0,0,0,0,0,1,1,1,0,1,0,0,0,0,1,1,1,1
Pichia,0,0,0,0,0,0,0,1,0,0,0,0,0,0,0,0,0,0,0,0,0,0,0,1,0,0,0,0,1,1,0,0,0,0,0,0,0.5,1,0.5,0,0,0,0,0,0,1,1,1,1
Pichia,1,0,0,0,0,0,0,1,0,0,0,0,0,0,0,0,0,0,0,0,0,0,0,0.5,0,0,0,0,1,1,0,0,0,0,0,0,1,1,0.5,0,1,0,0,0,0,1,1,1,0.5
Pichia,1,0,0,0,0,0,0,1,0,0,0,0,0,0,0,0,0,0,0,0,0,0,0,0,0,0,0,0,1,1,0,0,0,0,0,0,1,1,1,0,1,0,1,0,0,1,1,1,1
Pichia,0.5,0,0,0,0,0,0,1,0,0,0,0,0,0,0,0,0,0,0,0,0,0.5,0,0,0,0,0,0,1,0.5,0,0,0,0,0,0,0.5,1,0.5,0,1,0,0.5,0,0,1,1,1,1
Pichia,0.5,0,0,0,0,0,0,1,0,0,0,0,0,0,0,0,0,0,0,0,0,0.5,0,0.5,0,0,0,0,1,0.5,0,0,0,0,0,0,0.5,0.5,0.5,0,0.5,0,0.5,0,0,1,1,1,0
Pichia,1,0,0,0,0,0,0,1,0,0,0,0,0,0,0,0,0,0,0,0,0,0,0,0,0,0,0,0,1,1,0,0,0,0,0,0,0,1,0,0.5,0,0,0,0,0,1,1,1,0
Pichia,1,0,0,0,0,0,0,1,0,0,0,0,0,0,0,0,0,0,0,1,1,0,0,0,0,0,0,0,1,1,0,0,0,0,0,0,1,1,1,0,1,0,0,0,0,1,1,1,1
Pichia,1,0,0,0,0,0,0,1,0,0,0,0,0,0,0,0,0,0,0,0,0,0.5,0,0,0,0,0,0,1,1,0,0,0,0,0,0,1,1,0,0,1,0,1,0,0,1,1,1,1
Pichia,0,0,0,0,0,0,0,1,0,0,0,0,0,0,0,0,0,0,0,0,0,0,0,0,0,0,0,0,1,1,0,0,0,0,0,0,1,1,0.5,0,1,0,0,0,0,1,1,1,1
Pichia,1,0,0,0,0,0,0,1,0,0,0,0,0,0,0,0,0,0,0,0,0,0,0,0,0,0,0,0,1,1,0,0,0,0,0,0,1,1,0,0,0,0,1,0,0,1,1,1,0
Pichia,0.5,0,0,0,0,0,0,1,0,0,0,0,0,0,0,0,0,0,0,0,0,1,0,1,0,0,0,0,1,1,0,0,0,0,0,0,0,0.5,0.5,0,1,0,0,0,0,1,1,1,0
Pichia,1,0,0,0,0,0,0,1,0,0,0,0,0,0,0,0,0,0,0,0,0,0,0,0,0,0,0,0,1,1,0,0,0,0,0,0,0,1,0.5,0,0,0,0,0,0,1,1,1,0.5
Saturnispora,1,0,0,0,0,0,0,1,0,0,0,0,0,0,0,0,0,0,0,0,0,0,0,0,0,0,0,0,1,0,0,0,0,1,1,0,1,1,0,0,0,0,0,0,0,1,1,1,0
Saturnispora,1,0,0,0,0,0,0,1,0,0,0,0,0,0,0,0,0,0,0,0,0,0,0,0,0,0,0,0,1,0,0,0,0,1,1,0,1,1,0,0,0,0,0,0,0,1,1,1,0
Saturnispora,1,0,0,0,0,0,0.5,1,0,0,0,0,0,0,1,0,0,0,0,0,0,0,0,0,0,0,0,0,1,0,0,1,0,1,1,0,0.5,1,0,0,0,0,0,0,0,1,1,1,0
Saturnispora,1,0,0,0,0,0,0.5,1,0,0,0,0,0,0,1,0,0,0,0,0,0,0,0,0,0,0,0,0,1,1,0,1,0,1,1,0,1,1,0,0,0,0,0,0,0,1,1,1,0
Saturnispora,0.5,0,0,0,0,0,0,1,0,0,0,0,0,0,0,0,0,0,0,0,0,0,0,0,0,0,0,0,1,0.5,0,0.5,0,1,1,0,1,1,0,0,0,0,0,0,0,1,1,1,0
Saturnispora,1,0,0,0,0,0,0,1,0,0,0,0,0,0,1,0,0,0,0,0,0,0,0,0,0,0,0,0,1,0,0,0.5,0,1,1,0,1,1,0,0,0,0,0,0,0,1,1,1,0
Saturnispora,1,0,0,0,0,0,0,1,0,0,0,0,0,0,1,0,0,0,0,0,0,0,0,0,0,0,0,0,1,0,0,1,0,1,1,0,1,1,0,0,0,0,0,0,0,1,1,1,0
Cyniclomyces,1,0,1,0,0,1,0,1,1,1,1,0,0,0,1,0,0.5,0,0,0,0,0,0,0,0,0,0,0,0,0,0,0,0,0,0,0,0,1,0,0,0,0,0,0,0,0,0,0.5,1
Eremothecium,0.5,0,0.5,0.5,0,0.5,0.5,1,0,1,1,0,0,0,1,1,0,0,0,0,0,0,0,0,0,0,0,0,0,1,0,0,0,0,0.5,0,0,0.5,0.5,0,0,0,0,0,0,1,1,1,1
Eremothecium,1,0,1,1,0,0.5,1,1,0,1,1,0,0,0,1,1,0,0.5,0.5,0,0,0,0,0,0,0,0,0,1,1,0,0,0,0,0,0,0,1,0,0,0,0,0,0,0,1,1,1,1
Eremothecium,0,0,0,0,0,0,0,1,0,1,1,0.5,0.5,0,1,1,0.5,0,0.5,0,0,0,0,0,0,0,0,0,0.5,1,0,0,0,0,0,0,0,0.5,0,0,0,0,0,0,0,1,1,1,0.5
Eremothecium,0,0,0,0,0,0,0,1,0,1,1,0,0,0,1,1,0,0,0,0.5,0.5,0,0,0,0,0,0,0,0.5,1,0,0,0,0,0.5,0,0,1,1,0.5,0,0,0,0,0,1,1,1,1
Eremothecium,0.5,0,0.5,0.5,0,0,0.5,1,0,1,0,0,0,0,0.5,1,0,0,1,0,0,0,0,0,0,0,0.5,0,0,1,0,0,0,0,1,0,0,0,0,0,0,0,0,0,0,1,1,1,1
Kazachstania,1,1,0,0.5,0,0,0,1,0,0,0,0,1,0,1,0,0,0,0,0,0,0,0,0,0,0,0.5,0,0,1,0,0,0,0.5,0,0,0,1,0,0,0,0,0,NA,0,1,1,1,1
Kazachstania,1,1,0,0,0,0,0,1,0,0,0,0,1,0,0,0,0,0,0,0,0,0,0,0,0,0,0,0,0,0.5,0,0,0,0,0,0,1,0,0,1,0,0,0,0,0,1,1,1,0.5
Kazachstania,1,1,0,0,0,0,0,1,0,0,0,0,1,0,1,0,0,0,0,0,0,0,0,0,0,0,0,0,1,0,0,0,0,0,0,0,0,0,0,0,0,0,0,NA,0,NA,1,1,1
Kazachstania,1,1,1,0,0,1,1,1,0,1,1,0,1,0,1,0,0,0,0,0,0,0,0,0,0,0,0,0,0,0,0,0,0,0,0,0,1,0.5,0,1,0,0,0,NA,0,NA,1,0.5,0
Kazachstania,1,0,0,0,0,0,0,1,0,0,0,0,0,0,0,0,0,0,0,0,0,0,0,0,0,0,0,0,1,0,0,0,0,0,0,0,0.5,0.5,0,0,0,0,0,0,0,NA,1,1,1
Kazachstania,1,1,0.5,0,0,0.5,0.5,1,0,1,1,0.5,1,0,1,1,0,0,0,0.5,0,0,0,1,0.5,0,0.5,0,0,1,0,0,0,1,0,0,0.5,0,0,0.5,0,0,0,NA,0,1,1,1,1
Kazachstania,1,1,1,0,0,0.5,1,1,0,1,1,0,1,0,1,0,0,0,0,0,0,0,0,0,0,0,0,0,1,0.5,0,0,0,0,0,0,0.5,1,0.5,0,0,0,0,NA,NA,1,1,1,0
Kazachstania,1,0,1,0,0,1,0,1,1,1,0,0,0,0,1,0,0,0,0,0,0,0,NA,0,0,0,0,NA,1,1,0,0,0,0,0,0,1,0,0,0,0,0,0,NA,0,1,1,1,0
Kazachstania,1,1,1,0,0,0,0,1,1,1,1,0,1,0,1,1,1,NA,0,1,1,0,0,1,1,0,0,0,0,1,NA,NA,NA,0,1,0,0,0,0,0,0,0,0,0,0,1,1,NA,0
Kazachstania,1,0,0,0,0,0,0,1,0,0,0,0,0,0,0,0,0,0,0,0,0,0,0,0,0,0,0,0,0.5,0,0,0,0,0,0,0,0,0,0,0,0,0,0,0,0,NA,1,1,1
Kazachstania,1,1,0,0,0,0,0,1,0,0,0,0,1,0,0,0,0,0,0,0,0,0,0,0,0,0,0,0,0,0,0,0,0,0,0,0,0,0,0,0,0,0,0,NA,0,1,1,1,0
Kazachstania,1,1,0,1,0,0,0,1,0,0,0,0,1,0,0,0,0,0,0,0,0,0,0,0,0,0,0,0,0,0,0,0,0,0,0,0,0,0,0,0,0,0,NA,NA,NA,1,1,1,NA
Kazachstania,1,1,0,0,0,0,0,1,0,0,0,0,1,0,1,0,0,0,0,0,0,0,0,0,0,0,0,0,0,1,0,0,0,0,0,0,0,0,0,0,0,0,0,NA,NA,1,1,1,0
Kazachstania,1,1,0.5,0.5,0,1,1,1,0,1,1,0,1,0,1,0,0,0.5,0,0,0.5,0,0,0,0,0,0,0,1,1,0,0,0,0,0,0,1,1,0,0.5,0,0,0,0,NA,1,1,1,0
Kazachstania,1,1,0,0,0,0,0,1,0,0,0,0,1,0,1,0,0,0,0,0,0,0,0,0,0,0,0,0,0,0.5,0,0,0,0,0,0,0.5,0.5,0,1,0,0,0,NA,0,1,1,1,0
Kazachstania,1,1,0.5,0,0,1,0.5,1,0,1,1,0,1,0,1,0,0,0,0,0,0,0,0,0,0,0,0,0,0,1,0,0,0,0,0,0,0,0,0.5,1,0,0,0,1,0,1,1,1,0.5
Kazachstania,1,0,0,0,0,0,0,1,0,1,1,0,1,0,1,1,1,1,0,1,1,1,0,0,0,0,1,0,1,1,0,0,0.5,1,1,0,1,1,0,1,0,0,0,0,0,1,1,1,0.5
Kazachstania,1,0,0,0,0,0,0,1,0,0,0,0,0,0,0,0,0,0,0,0,0,0,0,0,0,0,0,0,0.5,0,0,0,0,0,0,0,0.5,0,0,0,0,0,0,0,0,NA,1,1,1
Kazachstania,1,1,0,0,0,0,0,1,0,0,0,0,1,0,0,0,0,0,0,0,0,0,0,0,0,0,0,0,0,0,0,0,0,0,0,0,0,0,0,0,0,0,0,NA,NA,1,1,0,0
Kazachstania,1,1,0,0,0,0,0,1,0,0.5,0,0,1,0,1,0,0,0,0,0,0,0,0,0,0,0,0,0,0.5,1,0,0,0,0,0,0,0,0.5,0,0,0,0,0,NA,0,1,1,1,0.5
Kazachstania,1,1,0,0,0,0,0,1,0,0,NA,0,1,0,1,0,0,0,0,0,0,0,0,0,0,0,0,0,0,0,0,0,0,0,0,0,0,0,0,0,0,0,0,NA,0,1,1,1,1
Kazachstania,1,1,1,0,0,1,0,1,0,0,1,0,0,0,1,0,0,0,0,1,0,0,0,0,0,0,0,NA,0,0,0,0,0,0,0,0,0,1,0,0,0,0,0,NA,0,1,1,1,0.5
Kazachstania,1,0,0,0,0,0,0,1,0,0,0,0,0,0,0,0,0,0,0,0,0,0,0,0,0,0,0,0,0,0,0,0,0,0,0,0,0,0,0,0,0,0,0,0,NA,NA,1,1,1
Kazachstania,1,1,0,0,0,0,0,1,0,0,0,0,1,0,1,0,0,0,0,0,0,0,0,0,0,0,0.5,1,0,1,0,0,0,0,0,0,0,0,0,0,0.5,0,0,NA,0,1,1,1,1
Kazachstania,1,1,0,0,0,0,0.5,1,0,0,0,0,1,0,1,0,0,0,0,0,0,0,0,0,0,0,0,0,0,1,0,0,0,0.5,0,0,0.5,1,0,0,NA,0,0,NA,0,NA,1,1,1
Kazachstania,1,0,0,0,0,0,0,1,0,0,0,0,0,0,0,0,0,0,0,0,0,0,0,0,0,0,0,0,1,0,0,0,0,0,0,0,0,1,0,0,0,0,0,0,0,NA,1,1,1
Kazachstania,1,1,0,0,0,0,0,1,0,0,0,0,1,0,1,0,0,0,0,0,0,0,0,0,0,0,0,0,0,0,0,0,0,0,0,0,0,0,0,0,0,0,0,NA,0,1,1,1,1
Kazachstania,0.5,0,0,0,0,0,0,1,0,0.5,0,0,0.5,0,1,0,0,0,0,0,0,0,0,0,0,0,0,0,0.5,0,0,0,0,0,0,0,0,0,0,0,0,0,0,0,0,1,1,1,0.5
Kazachstania,1,1,0,0,0,0,0,1,0,0,0,0,1,0,0.5,0,0,0,0,0,0,0,0,0,0,0,0,0,1,0,0,0,0,0,0,0,0,0.5,0,0,0,0,0,NA,0,1,1,1,1
Kazachstania,1,1,0,0,0,0,0,1,0,0,0,0,1,0,1,0,0,0,0,0,0,0,0,0,0,0,0,0,0,1,0,0,0,0,0,0,0,0,0,0,0,0,0,NA,0,1,1,1,1
Kazachstania,1,1,0,0,0,0,0,1,0,0,0,0,1,0,0,0,0,0,0,0,0,0,0,0,0,0,0,0,0,0,0,0,0,0,0,0,0,0,0,0,0,0,0,0,0,1,1,1,0
Kazachstania,1,0,1,0,0,1,0,1,1,1,1,0,0,0,1,0,0,0,0,0,0,0,NA,0,0,0,0,NA,1,1,0,0,0,0,0,0,1,0,0,0,0,0,0,NA,0,1,1,1,0
Kluyveromyces,1,0.5,1,0,0,1,0,1,0,1,0.5,0,1,1,0,0.5,0,0.5,0,1,1,0,0,0,0,0,0,0,0.5,1,0,0,0,0.5,0.5,0,1,1,0,0,0,0,0,0,0,1,1,1,0
Kluyveromyces,1,1,1,1,0,1,1,1,0,1,1,0,1,0,1,1,1,1,0,1,1,1,0,0,0,0,0,0,1,1,0,0,0,1,1,0,1,1,1,0,0,0,0,0,0,1,1,1,0
Kluyveromyces,1,1,0.5,0.5,1,0.5,0.5,1,0.5,1,0.5,0,1,1,1,0.5,1,0.5,0,1,1,0.5,0,0.5,0,0,0,0,1,0.5,0,0.5,0,1,1,0,0.5,1,0,0,0,0,0,0,0,1,1,1,0.5
Kluyveromyces,1,1,0.5,0.5,0,0.5,0.5,1,0.5,1,0.5,0,1,1,1,0.5,1,0.5,0,1,1,0.5,0,0.5,0,0,0,0,1,0.5,0,0.5,0,1,1,0,0.5,1,0,0,0,0,0,0,0,1,1,1,1
Kluyveromyces,1,1,1,0,0.5,1,0,1,0.5,1,1,0,1,0.5,0,0,0,0,0,0.5,0.5,0,0,0.5,0.5,0,0.5,0,1,0.5,0,0.5,0,0.5,0.5,0,1,1,0.5,0,0,0,0,0,0,1,1,1,1
Kluyveromyces,0,0,0,0,0,0,0,1,0,0,0,0,1,1,0,0,0,0,0,0.5,0.5,0,0,0,0,0,0,0,1,0,0,0.5,0,1,0,0,0,0,0,0,0,0,0,0,0,1,1,1,0.5
Kluyveromyces,1,1,1,0,0,0,0,1,0,1,0,0,1,1,0,0,0,0,0,1,1,0.5,0,1,0,0,0,0,1,0.5,0,0,0,0,1,0,1,0.5,0,0,0,0,0,0,0,1,1,1,1
Lachancea,1,1,1,1,0,1,1,1,0,1,1,1,1,0,1,0.5,0.5,0.5,0,0,0,1,0,0.5,0,0,0,0,1,1,0,0.5,0,1,1,0,0.5,1,0,0,0,0,0,0.5,0,1,1,1,0
Lachancea,1,1,1,1,0,0.5,1,1,0.5,0.5,0.5,0,0.5,0,1,1,0.5,1,0,1,1,0.5,0,0.5,0,0,0,0,1,0.5,0,0.5,0,1,1,0,1,0.5,0,0.5,0,0,0,0.5,0,1,1,1,1
Lachancea,1,1,1,0,0,1,0,1,0,1,0.5,1,1,0,0.5,1,0,1,0,0.5,0.5,0.5,0,0.5,0,0,0.5,0,1,0.5,0,0,0,0.5,0.5,0,0.5,0.5,0,0.5,0,0,0.5,0.5,0,1,1,1,1
Lachancea,1,0,1,0.5,0,0.5,1,1,0.5,1,1,0,1,0,1,1,1,1,0,0,0,0.5,0,0,0,0,0,0,1,1,0,0.5,0,1,1,0,0,0,0,0.5,0,0,0,1,0,1,1,1,0
Lachancea,1,0.5,1,0.5,0,1,1,1,0.5,1,1,0,0.5,0,1,1,1,1,0,0,0,1,0,0,0,0,0,0,0.5,1,0,0.5,0,0.5,0.5,0,0,0.5,0,0.5,0,0,0,0.5,0,1,1,1,0.5
Lachancea,1,0,1,0,0,1,0,1,0,1,1,0,0,0,0,0,0,0,0,0,0,1,0,1,0,1,0,0,1,0,0,1,0,1,1,0,0,0,0,0,0,0,0,0,0,1,1,1,0
Nakaseomyces,1,0,0,0,0,0,0,1,0,NA,0,0,0,0,0,0,0,0,0,0,0,0,0,0,0,0,0,0,0,1,0,0,0,0,0,0,0,0,0,1,0,0,0,1,0,1,1,1,1
Nakaseomyces,1,0,0,0,0,0,0,1,0,0,0,0,0,0,1,0,0,0,0,0,0,0,0,0,0,0,0,0,1,1,0,0,0,0,0,0,0,0,0,0,0,0,0,0,0,1,1,1,1
Naumovozyma,1,1,0,0,0,0,0,1,0,0.5,0,0,1,0,0.5,0,0,0,0,0,0,0,0,0,0,0,0.5,0,0.5,0.5,0,0,0,0,0,0,0,0.5,0,0.5,0,0,0,NA,NA,1,1,1,0.5
Naumovozyma,1,1,0,0,0,0,0,1,0,0,0,0,1,0,0.5,0,0,0,0,0,0,0,0,0,0,0,0.5,0,0.5,0,0,0,0,0,0,0,0,0.5,0,0.5,0,0,0,NA,NA,1,1,1,1
Saccharomyces,1,1,1,0,0,1,NA,1,0,1,1,1,1,0,1,0.5,1,1,0,0,0,0,0,0,0,0,0,0,0,0,0,0,0,0.5,NA,0,0,0,0,NA,0,0,1,NA,0,1,1,1,0
Saccharomyces,1,0.5,1,1,0,1,0,1,0,1,1,0.5,0.5,0,1,1,0,0,0,0,0,0,0,0,0,0,0,0,1,1,0,0,0,0.5,0,0,0.5,0,0,0.5,0,0,1,0,0,1,1,1,0
Saccharomyces,1,0.5,1,1,0,1,0,1,0,1,1,0.5,0.5,0,1,1,0,0,0,0,0,0,0,0,0,0,0,0,1,1,0,0,0,0.5,0,0,0.5,0,0,0.5,0,0,1,0,0,1,1,1,0
Saccharomyces,1,1,1,0,0,1,0,1,0,1,1,0,1,0,0,0,1,0,0,0,0,0,0,0,0,0,0,0,1,0,0,0,0,1,0,0,1,0,0,0,0,0,0,NA,0,1,1,1,0
Saccharomyces,1,0.5,1,1,0,1,0,1,0,1,1,0,0.5,0,1,1,0.5,0,0,0,0,0,0,0,0,0,0,0,1,0.5,0,0,0,0,0,0,0.5,0,0,0.5,0,0,0,0,0,1,1,1,0.5
Saccharomyces,1,0,1,1,0,1,0,1,1,0.5,1,0,1,0,0,1,0.5,0,0,0,0,0,0,0,0,0,0,0,1,0.5,0,0,0,0.5,0,0,0,0,0,0,0,0,0,NA,1,1,1,0.5,0
Saccharomyces,1,1,1,1,0,1,0,1,0,1,1,1,1,0,1,1,1,1,0,0,0,0,0,0,0,0,NA,0,1,0,0,1,1,1,0,0,1,0,0,0,0,0,0,NA,0,1,1,1,0
Saccharomyces,1,1,1,0.5,0,0.5,0,1,0,1,1,0,1,0,1,1,1,1,0,0,0,0,0,0,0,0,0,0,1,0.5,0,0,0,1,0,0,1,0,0,0.5,0,0,0,0,0,1,1,1,1
Saccharomyces,1,0.5,0.5,1,0,1,0,1,0,0.5,1,0,1,0,0.5,1,0.5,0.5,0,0,0,0,0,0,0,0,0,0,1,0.5,0,0,0,0,0,0,0.5,0.5,0,0.5,0,0,0,0,0,1,1,1,0
Tetrapisispora,1,1,0,0,0,0,0,1,0,0,0,0,1,0,0,0,0,0,0,0,0,0,0,0,0,0,0,0,0,0,0,0,0,0,0,0,0,0,0,0,0,0,0,0,0,1,1,1,0
Tetrapisispora,1,1,0,0,0,0,0,1,0,0,0,0,1,0,0,0,0,0,0,0,0,0,0,0,0,0,0.5,0,0.5,1,0,0,0,0,0,0,0,0,0,0,0,0,0,1,0,1,1,1,0
Tetrapisispora,1,0,0,0,0,0,0,1,0,0,0,0,1,0,0,0,0,0,0,0,0,0,0,0,0,0,0,0,0,0,0,0,0,0,0,0,0,0,0,1,0,0,0,0,0,1,1,1,1
Tetrapisispora,1,1,0,0,0,0,0,1,0,0,0,0,1,0,0,0,0,0,0,0,0,0,0,0,0,0,0,0,0,0,0,0,0,0,0,0,0,0,0,1,0,0,0,0,0,1,1,1,0
Tetrapisispora,1,1,0,0,0,0,0,1,0,0,0,0,1,0,1,0,0,0,0,0,0,0,0,0,0,0,0,0,0,1,0,0,0,0,0,0,0,0,0,1,0,0,NA,NA,0,1,1,1,0
Tetrapisispora,1,1,0,0,0,0,0,1,0,0,0,0,1,0,0,0,0,0,0,0,0,0,0,0,0,0,0,0,0,1,0,0,0,0,0,0,0,0,0,1,0,0,0,0,0,1,1,1,0
Tetrapisispora,1,1,0,0,0,0,0,1,0,0,0,0,1,0,0,0,0,0,0,0,0,0,0,0,0,0,0,0,1,1,0,0,0,0,0,0,0,0,0,1,0,0,0,0,0,1,1,1,0
Torulaspora,1,0.5,0.5,0.5,0,0.5,0.5,1,0.5,0.5,0.5,0,0.5,0,1,0.5,0.5,0.5,0,0,0,0.5,0,0.5,0,0,0,0,1,0.5,0,0.5,0,1,0.5,0,0.5,0.5,0,0.5,0,0,0.5,1,0,1,1,1,0.5
Torulaspora,1,1,1,1,0,1,0,1,1,1,1,0,1,0,1,1,0,1,0,0,0,0,0,0,0,0,0,0,0.5,0,0,0,0,1,0,0,1,0,0,0,0,0,1,1,0,1,1,1,1
Torulaspora,1,0,1,0,0,1,0,1,0.5,1,1,0,0,0,0.5,0,0,0,0,0,0,0,0,0,0,0,0,0,1,0.5,0,0,0,1,0,0,1,0,0,0.5,0,0,1,1,0,1,1,1,1
Torulaspora,1,0.5,1,1,0.5,1,0,1,0.5,1,1,0.5,0.5,0,0.5,1,1,1,0.5,0,0,0,0,0,0,0,0,0,0.5,0.5,0,0,0,0.5,0.5,0,0.5,0,0,0.5,0,0,1,1,NA,1,1,1,0.5
Torulaspora,1,1,1,0,0,1,0,1,1,1,1,1,1,0,1,0,0,0,0,0,0,0.5,0,0,0,0,0,0,1,0.5,0,0,0,1,0.5,0,1,0.5,0,1,0,0,0,1,0,1,1,1,0
Torulaspora,1,0.5,1,1,0,0.5,0.5,1,1,1,1,0,1,0,1,1,0.5,1,0,0,0,0,0,0,0,0,0,0,1,0.5,0,0,0,1,0.5,0,1,0,0,0.5,0,0,0,1,0,1,1,1,1
Vanderwaltozyma,1,1,1,0,0,1,1,1,0,1,1,0,1,0,0.5,0,0,0,0,0,0,0,0,0,0,0,0,0,0.5,1,0,0,0,0,0,0,0,0.5,1,1,0,0,0,0,0,1,1,1,0.5
Vanderwaltozyma,1,1,0,0,0,0,0,1,0,0,0,0,1,0,0,0,0,0,0,0,0,0,0,1,0,0,0,0,0.5,1,0,0,0,0,0,0,0,0,0,0,0,0,0,0,0,1,1,0,0
Zygosaccharomyces,1,0,0.5,0,0,0,0,1,0,0.5,0,0,0.5,0,1,0,0,0,0,0,0,0,0,0,0,0,0,0,0.5,1,0,1,0,0.5,1,0,0,0,0,NA,0,0,0,NA,0,1,1,1,0.5
Zygosaccharomyces,1,0,0,0,0,0,0,1,0,0,0,0,0.5,0,0,0,0,0,0,0,0,0.5,0,0,0,0,0,0,1,1,0,0.5,0,1,0.5,0,0,0,0,NA,0,0,0,NA,0,1,1,1,0
Zygosaccharomyces,1,0,1,0,0,0,0,1,0,1,0,0,1,0,0,0.5,0,0,0,0,0,0.5,0,0,0,0,0,0,1,1,0,0,0,0.5,0.5,0,0,0,0,NA,0,0,0,NA,0,1,1,0,0
Zygosaccharomyces,1,0,1,0,0,0,0,1,0,1,0.5,0,0.5,0,0,0,0,0,0,0,0,1,0,0,0,0,0,0,1,1,0,0.5,0,0.5,0.5,0,0,0,0,NA,0,0,0,NA,0,1,1,0,0
Zygosaccharomyces,1,0,0,1,0,0,0,1,0,0,0,0,0,0,0.5,0.5,0,0,0,0,0,0,0,0,0,0,0,0,0,1,0,0,0,0.5,0.5,0,0,0,0,NA,0,0,0,NA,0,1,1,0.5,0
Zygosaccharomyces,1,0,0.5,1,0,0,0.5,1,0,0.5,0,0,0.5,0,0.5,0.5,0,0,0,0,0,0,0,0,0,0,0,0,0.5,1,0,0,0,1,0.5,0,0,0,0,NA,0,0,0,NA,0,1,1,1,0.5
Zygotorulaspora,1,1,1,1,0,1,1,1,1,1,1,1,1,0,1,1,1,1,0,0,0,1,0,0,0,0,0,0,1,0.5,0,0,0,1,1,0,0,1,0,0.5,0,0,0.5,1,0,1,1,1,0
Zygotorulaspora,1,1,1,0,0,1,0,1,0,1,1,1,1,0,0,0,0,0,0,0,0,0,0,0,0,0,0,0,0.5,1,0,0,0,1,1,0,0,1,0,0,0,0,0,1,0,1,1,1,0
Hanseniaspora,1,0,0,0,0,0,0,1,0,0,0,0,0,0,0,0,0,0,0,1,1,0,0,0,0,0,0,0,0,0,0,0,0,0,0,0,0,0,0,1,0,0,0,1,0,1,1,NA,0
Hanseniaspora,1,0,0,0,0,0,0,1,0,0,0,0,0,0,0,0,0,0,0,1,1,0,0,0,0,0,0,0,0,0,0,0,0,0,0,0,0,0,0,0.5,0,0,0,1,NA,1,1,1,1
Hanseniaspora,1,0,0,0,0,0,0,1,0,0,0,0,0,0,0,0,0,0,0,1,1,0,0,0,0,0,0,0,0,0,0,0,0,0,0,0,0,0,0,1,0,0,0,0,0,1,1,1,1
Hanseniaspora,1,0,0,0,0,0,0,1,0,0,0,0,0,0,0,0,0,0,0,1,1,0,0,0,0,0,0,0,0,0,0,0,0,0,0,0,0,0,0,1,0,0,0,1,0,1,1,1,0
Hanseniaspora,1,0,1,0,0,0,0,1,0,1,0,0,0,0,0,0,0,0,0,1,1,0,0,0,0,0,0,0,0,0.5,0,0,0,0,0,0,0,0,0,0,0,0,0,0,0,1,1,1,0
Hanseniaspora,1,0,1,0,0,0,0,1,0,1,0,0,0,0,1,0,0,0,0,1,1,0,0,0,0,0,0,0,0,0.5,0,0,0,0,0,0,0,0,0,0,0,0,0,0,0,1,1,1,0
Hanseniaspora,1,0,0,0,0,0,0,1,0,0,0,0,0,0,0,0,0,0,0,1,1,0,0,0,0,0,0,0,0,0,0,0,0,0,0,0,0,0,0,1,0,0,0,1,0,1,1,1,1
Hanseniaspora,1,0,0,0,0,0,0,1,0,0.5,0,0,0,0,0,0.5,0,0,0,1,1,0,0,0,0,0,0,0,0,0,0,0,0,0,0,0,0,0,0,0,0,0,0,0,0,1,1,1,0
